Eligible Companies as per Average Market Capitalisation from Nov 2025 to April 2026,,,,
Sr. No.,Scrip Code,Name of Company,,
1,500325,Reliance Industries Ltd,,
2,500180,HDFC Bank Ltd.,,
3,532454,Bharti Airtel  Ltd.,,
4,532540,Tata Consultancy Services Ltd.,,
5,532174,ICICI Bank Ltd.,,
6,500112,State Bank Of India,,
7,500209,Infosys Ltd,,
8,500034,Bajaj Finance Limited,,
9,500510,Larsen & Toubro Limited,,
10,500696,Hindustan Unilever Ltd.,,
11,543526,LIFE INSURANCE CORPORATION OF INDIA,,
12,532500,Maruti Suzuki India  Ltd.,,
13,500875,ITC Ltd,,
14,500520,Mahindra & Mahindra Ltd.,,
15,524715,Sun Pharmaceutical Industries Ltd.,,
16,532281,HCL Technologies Ltd,,
17,500247,Kotak Mahindra Bank Ltd.,,
18,532215,AXIS Bank Ltd.,,
19,500114,Titan Company Limited,,
20,532538,UltraTech Cement Ltd,,
21,532555,NTPC Limited,,
22,532921,Adani Ports and Special Economic Zone Ltd,,
23,500312,Oil And Natural Gas Corporation Ltd,,
24,532978,Bajaj Finserv Limited,,
25,500049,Bharat Electronics Ltd.,,
26,533096,Adani Power Limited,,
27,500228,JSW Steel Limited,,
28,541154,Hindustan Aeronautics Limited,,
29,532898,POWER GRID CORPORATION OF INDIA LIMITED,,
30,512599,Adani Enterprises Ltd.,,
31,543320,Eternal Limited,,
32,532977,Bajaj Auto Limited,,
33,533278,Coal India Limited,,
34,540376,Avenue Supermarts Limited,,
35,500295,Vedanta Limited,,
36,500820,Asian Paints Ltd.,,
37,500790,Nestle India Ltd.,,
38,500188,Hindustan Zinc Ltd.,,
39,507685,Wipro  Ltd.,,
40,500470,TATA STEEL LIMITED,,
41,530965,Indian Oil Corporation Ltd.,,
42,500440,Hindalco Industries Ltd.,,
43,540719,SBI Life Insurance Company Limited,,
44,505200,Eicher Motors Ltd.,,
45,539448,InterGlobe Aviation Limited,,
46,500300,Grasim Industries Ltd,,
47,511218,Shriram Finance Limited,,
48,544274,HYUNDAI MOTOR INDIA LIMITED,,
49,532343,TVS Motor Company Ltd.,,
50,543940,Jio Financial Services Limited,,
51,532488,Divi's Laboratories Ltd.,,
52,541450,Adani Green Energy Limited,,
53,532868,DLF LIMITED,,
54,540005,LTM LIMITED,,
55,540180,Varun Beverages Limited,,
56,544569,Tata Motors Limited,,
57,540777,HDFC LIFE INSURANCE COMPANY LIMITED,,
58,500547,Bharat Petroleum Corpn. Ltd.,,
59,532134,Bank Of Baroda,,
60,532755,Tech Mahindra Limited,,
61,544658,ICICI Prudential Asset Management Company Limited,,
62,500331,Pidilite Industries Ltd.,,
63,543257,Indian Railway Finance Corporation,,
64,533398,MUTHOOT FINANCE LIMITED,,
65,500251,Trent Ltd [Lakme Ltd],,
66,500825,Britannia Industries Ltd.,,
67,544574,Tata Capital Limited,,
68,511243,Cholamandalam Investment and Finance Company Ltd,,
69,532461,Punjab National Bank,,
70,500420,Torrent Pharmaceuticals Ltd.,,
71,532483,Canara Bank,,
72,500570,TATA MOTORS PASSENGER VEHICLES LIMITED,,
73,532477,Union Bank of India,,
74,532810,Power Finance Corporation Ltd,,
75,500425,Ambuja Cements Ltd.,,
76,500480,Cummins India Ltd.,,
77,517334,Samvardhana Motherson International Limited,,
78,500400,Tata Power Co. Ltd,,
79,539254,Adani Energy Solutions Limited,,
80,532725,Solar Industries India Limited,,
81,500002,ABB India Limited,,
82,500490,Bajaj Holdings & Investment Limited,,
83,532814,Indian Bank,,
84,532424,Godrej Consumer Products Ltd.,,
85,532286,JINDAL STEEL LIMITED,,
86,500550,Siemens Ltd.,,
87,542652,Polycab India Limited,,
88,500800,TATA CONSUMER PRODUCTS LIMITED,,
89,532822,VODAFONE IDEA LIMITED,,
90,534816,INDUS TOWERS LIMITED,,
91,500182,Hero MotoCorp Limited,,
92,541729,HDFC Asset Management Company Limited,,
93,500087,Cipla Ltd.,,
94,532155,Gail (India) Ltd.,,
95,500093,CG Power and Industrial Solutions Limited,,
96,508869,Apollo Hospitals Enterprises Ltd.,,
97,500530,Bosch Ltd,,
98,500124,Dr. Reddy's Laboratories Ltd.,,
99,544576,LG Electronics India Limited,,
100,544603,Billionbrains Garage Ventures Limited,,
101,500477,Ashok Leyland Ltd.,,
102,532754,GMR Airports Limited,,
103,500116,IDBI Bank Ltd,,
104,543220,Max Healthcare Institute Limited,,
105,544390,Siemens Energy India Limited,,
106,543287,Lodha Developers Limited,,
107,543237,Mazagon Dock Shipbuilders Limited,,
108,500257,Lupin Ltd,,
109,543187,HITACHI ENERGY INDIA LIMITED,,
110,532432,United Spirits Limited,,
111,531642,Marico Limited,,
112,500850,Indian Hotels Co. Ltd,,
113,500103,Bharat Heavy Electricals Ltd.,,
114,540716,ICICI Lombard General Insurance Company Limited ,,
115,500387,Shree Cements Ltd.,,
116,532955,REC LIMITED,,
117,532321,Zydus Lifesciences Limited,,
118,500104,Hindustan Petroleum Corporation Ltd,,
119,544285,SWIGGY LIMITED,,
120,533179,Persistent Systems Limited,,
121,543904,Mankind Pharma Limited,,
122,540133,ICICI Prudential Life Insurance Company Limited,,
123,540691,Aditya Birla Capital Ltd,,
124,500096,Dabur India Ltd.,,
125,522275,GE Vernova T&D India Limited,,
126,544277,Waaree Energies Limited,,
127,533148,JSW Energy Limited,,
128,517354,Havells India Limited,,
129,544162,Bharti Hexacom Limited,,
130,503806,SRF Ltd.,,
131,544600,Lenskart Solutions Limited,,
132,544289,NTPC GREEN ENERGY LIMITED,,
133,533098,NHPC Limited,,
134,532777,Info Edge(India) Ltd.,,
135,544252,Bajaj Housing Finance Limited,,
136,543396,One 97 Communications Limited,,
137,543390,PB Fintech Limited,,
138,500493,Bharat Forge Ltd,,
139,543066,SBI CARDS AND PAYMENT SERVICES LIMITED,,
140,544632,Meesho Limited,,
141,533106,Oil India Limited,,
142,543384,FSN E-Commerce Ventures Limited,,
143,540699,Dixon Technologies (India) Limited,,
144,533519,L&T Finance Limited,,
145,540611,AU Small Finance Bank Limited,,
146,524804,Aurobindo Pharma Ltd.,,
147,526371,NMDC Ltd,,
148,532779,TORRENT POWER LIMITED,,
149,512455,Lloyds Metals and Energy Limited,,
150,532149,Bank of India,,
151,532539,UNO Minda Limited,,
152,532388,Indian Overseas Bank,,
153,532187,IndusInd Bank Ltd.,,
154,532667,SUZLON ENERGY LTD.,,
155,532843,Fortis Healthcare Ltd,,
156,539523,Alkem Laboratories Limited,,
157,500469,Federal Bank Ltd.,,
158,540755,General Insurance Corporation of India,,
159,532466,Oracle Financial Services Software Limited,,
160,532648,Yes Bank Ltd.,,
161,539437,IDFC FIRST BANK LIMITED,,
162,506395,Coromandel International Limited,,
163,542649,Rail Vikas Nigam Limited,,
164,533274,Prestige Estates Projects Limited,,
165,532508,Jindal Stainless Limited,,
166,532234,National Aluminium Co. Ltd.,,
167,542066,ADANI TOTAL GAS LIMITED,,
168,500113,Steel Authority of India Ltd.,,
169,503100,The Phoenix Mills Ltd.,,
170,505790,Schaeffler India Limited,,
171,500290,M.R.F. Ltd.,,
172,512070,UPL Limited,,
173,534091,Multi Commodity Exchange of India Ltd,,
174,544429,HDB FINANCIAL SERVICES LIMITED,,
175,500488,Abbott India Ltd.,,
176,533273,OBEROI REALTY LIMITED,,
177,544307,Vishal Mega Mart Limited,,
178,500271,Max Financial Services Limited,,
179,532296,Glenmark Pharmaceuticals ltd,,
180,509480,Berger Paints India Ltd,,
181,500830,Colgate-Palmolive (India) Ltd.,,
182,532523,Biocon Ltd.,,
183,500368,Patanjali Foods Limited,,
184,540767,NIPPON LIFE INDIA ASSET MANAGEMENT LIMITED,,
185,543994,JSW Infrastructure Limited,,
186,533150,Godrej Properties Limited,,
187,540222,Laurus Labs Limited,,
188,523457,Linde India Limited,,
189,533758,APL Apollo Tubes Limited,,
190,540762,Tube Investments of India Ltd,,
191,532541,COFORGE LIMITED,,
192,541143,Bharat Dynamics Limited,,
193,532525,Bank of maharashtra,,
194,542830,Indian Railway Catering & Tourism Corporation Ltd,,
195,526299,Mphasis Limited,,
196,532892,Motilal Oswal Financial Services Limited,,
197,523642,PI Industries Limited,,
198,532720,Mahindra & Mahindra Financial Services Limited,,
199,500483,Tata Communications Limited,,
200,513599,Hindustan Copper Ltd.,,
201,509930,Supreme Industries Ltd.,,
202,500575,Voltas Ltd.,,
203,543278,Kalyan Jewellers India Limited,,
204,502355,Balkrishna Industries Ltd.,,
205,542772,360 ONE WAM LIMITED,,
206,539177,Authum Investment & Infrastructure Limited,,
207,532644,J.K. CEMENT LTD,,
208,532478,United Breweries Ltd.,,
209,532522,PETRONET LNG LTD.,,
210,500660,GlaxoSmithkline Pharmaceuticals Ltd.,,
211,517569,KEI Industries Ltd.,,
212,540115,L&T Technology Services Limited,,
213,540530,Housing &Urban Development Corporation Ltd.,,
214,532830,ASTRAL LIMITED,,
215,540678,Cochin Shipyard Limited,,
216,532497,Radico Khaitan Ltd.,,
217,532827,Page Industries Ltd.,,
218,544238,Premier Energies Limited,,
219,500495,Escorts Kubota Limited,,
220,544597,Piramal Finance Limited,,
221,523395,3M India Ltd.,,
222,531344,Container Corporation Of India Ltd.,,
223,500459,Procter & Gamble Hygiene & Health Care Ltd.,,
224,544325,ITC Hotels Limited,,
225,542216,DALMIA BHARAT LIMITED,,
226,532259,Apar Industries Ltd,,
227,544362,Hexaware Technologies Limited,,
228,500411,Thermax Ltd.,,
229,544449,Anthem Biosciences Limited,,
230,542812,Gujarat Fluorochemicals Limited,,
231,524494,Ipca Laboratories Ltd.,,
232,539551,Narayana Hrudayalaya Limited,,
233,500067,Blue Star Ltd,,
234,544026,Indian Renewable Energy Development Agency Limited,,
235,500163,Godfrey Phillips India Ltd.,,
236,524000,POONAWALLA FINCORP LIMITED,,
237,513683,NLC India Limited,,
238,532505,UCO Bank,,
239,532683,AIA Engineering Ltd.,,
240,540153,Endurance Technologies Limited,,
241,533155,Jubilant Foodworks Limited,,
242,532331,Ajanta Pharma Ltd.,,
243,501301,Tata Investment Corporation Ltd.,,
244,532885,Central Bank of India,,
245,500164,Godrej Industries Ltd.,,
246,540975,Aster DM Healthcare Limited,,
247,544609,Physicswallah Limited,,
248,500092,CRISIL Ltd.,,
249,504973,CHOLAMANDALAM FINANCIAL HOLDINGS LIMITED,,
250,532889,K.P.R. Mill Ltd.,,
251,543529,Delhivery Limited,,
252,543300,Sona BLW Precision Forgings Limited,,
253,532504,Navin Fluorine International Limited,,
254,544179,Go Digit General Insurance Limited,,
255,500410,ACC Ltd,,
256,500408,Tata Elxsi Ltd,,
257,543654,Global Health Limited,,
258,500877,Apollo Tyres Ltd,,
259,506943,J.B. Chemicals & Pharmaceuticals Lt,,
260,500109,Mangalore Refinery & Petrochemicals,,
261,533206,SJVN LIMITED,,
262,520056,TVS Holdings Limited,,
263,500086,Exide Industries Ltd.,,
264,500253,Lic Housing Finance Ltd.,,
265,543426,Metro Brands Limited,,
266,543498,Motherson Sumi Wiring India Limited,,
267,543245, Gland Pharma Limited,,
268,542011,Garden Reach Shipbuilders & Engineers Limited,,
269,517174,Honeywell Automation India Ltd.,,
270,543664,KAYNES TECHNOLOGY INDIA LIMITED,,
271,543458,AWL AGRI BUSINESS LIMITED,,
272,544210,Emcure Pharmaceuticals Limited,,
273,523610,ITI Limited (Indian Teleph.Ind.Ltd),,
274,543412,Star Health and Allied Insurance Company Limited,,
275,534309,NBCC (India) Limited,,
276,544397,Ather Energy Limited,,
277,533023,ZF Commercial Vehicle Control Systems India Limited,,
278,539336,Gujarat Gas Limited,,
279,544309,INVENTURUS KNOWLEDGE SOLUTIONS LIMITED,,
280,542651,KPIT Technologies Ltd,,
281,507815,Gillette India Ltd.,,
282,543308,Krishna Institute of Medical Sciences Limited,,
283,500033,Force Motors Limited,,
284,539006,PTC Industries Ltd.,,
285,543415,Anand Rathi Wealth Limited,,
286,532947,IRB Infrastructure Developers Limited,,
287,541153,Bandhan Bank Limited,,
288,540769,The New India Assurance Company Limited,,
289,544028,Tata Technologies Limited,,
290,532514,Indraprashtha Gas Ltd.,,
291,544407,AEGIS VOPAK TERMINALS LIMITED,,
292,500003,Aegis Logistics Ltd.,,
293,543988,Nuvama Wealth Management Limited,,
294,500260,The Ramco Cements Limited,,
295,543374,Aditya Birla Sun Life AMC Limited,,
296,540902,Amber Enterprises India Limited,,
297,544606,Pine Labs Limited,,
298,531213,Manappuram Finance Limited,,
299,539524,Dr. Lal Pathlabs Limited,,
300,522113,Timken India Ltd,,
301,515030,Asahi India Glass Ltd.,,
302,543235,ANGEL ONE LIMITED,,
303,500184,Himadri Speciality Chemical Ltd.,,
304,543299,Shyam Metalics and Energy Limited,,
305,540173,PNB Housing Finance Limited,,
306,532733,SUN TV NETWORK LIMITED,,
307,532144,Welspun Corp Limited,,
308,532636,IIFL FINANCE LIMITED ,,
309,500680,Pfizer Ltd.,,
310,542752,AFFLE 3I LIMITED,,
311,517271,HBL ENGINEERING LIMITED,,
312,532300,Wockhardt Ltd,,
313,543635,PIRAMAL PHARMA LIMITED,,
314,544282,Sagility Limited,,
315,540680,KIOCL Limited,,
316,506820,AstraZeneca Pharma India Ltd.,,
317,506401,Deepak Nitrite Limited,,
318,500084,CESC Limited,,
319,542920,SUMITOMO CHEMICAL INDIA LIMITED,,
320,531531,Hatsun Agro Products Ltd.,,
321,500840,EIH Ltd,,
322,544612,Tenneco Clean Air India Limited,,
323,531162,Emami Ltd,,
324,539268,Syngene International Limited,,
325,544176,Aadhar Housing Finance Limited,,
326,506285,Bayer CropScience Limited.,,
327,541770,CreditAccess Grameen Ltd.,,
328,532809,Firstsource Solutions Ltd.,,
329,532805,Redington Limited,,
330,532210,City Union Bank Ltd,,
331,522287,KALPATARU PROJECTS INTERNATIONAL LIMITED,,
332,540596,Eris Lifesciences Limited,,
333,544467,National Securities Depository Limited,,
334,544081,Jyoti CNC Automation Limited,,
335,532929,Brigade Enterprises Limited,,
336,534139,SCHNEIDER ELECTRIC INFRASTRUCTURE LIMITED,,
337,544306,Sai Life Sciences Limited,,
338,544466,Aditya Infotech Limited,,
339,515055,Anant Raj Limited,,
340,540065,RBL Bank Limited,,
341,539083,Inox Wind Limited,,
342,533295,PUNJAB & SIND BANK,,
343,543945,NETWEB TECHNOLOGIES INDIA LIMITED,,
344,532642,JSW Holdings Limited,,
345,500403,Sundram Fasteners Ltd.,,
346,500770,Tata Chemicals Ltd,,
347,544515,Urban Company Limited,,
348,532927,eClerx Services Limited,,
349,533293,Kirloskar Oil Engines Limited,,
350,524558,Neuland Laboratories Limited.,,
351,500870,Castrol India Ltd,,
352,532748,Prime Focus Limited,,
353,542399,Chalet Hotels Limited,,
354,504614,Sarda Energy & Minerals Ltd,,
355,532181,Gujarat Mineral Development Corpora,,
356,500620,Great Eastern Shipping Co. Ltd.,,
357,500027,Atul Limited.,,
358,523367,DCM Shriram Limited,,
359,543232,Computer Age Management Services Limited,,
360,500085,Chambal Fertilisers & Chemicals Ltd,,
361,544292,Onesource Specialty Pharma Limited,,
362,532734,GODAWARI POWER AND ISPAT LTD.,,
363,543276,Craftsman Automation Limited,,
364,543720,KFin Technologies Limited,,
365,506076,Grindwell Norton Ltd.,,
366,500165,Kansai Nerolac Paints,,
367,531595,Capri Global Capital Limited,,
368,532714,KEC International Ltd.,,
369,532548,Century Plyboards (India) Ltd.,,
370,543653,Bikaji Foods International Limited,,
371,543064,Cohance Lifesciences Limited,,
372,532756,CIE Automotive India Limited,,
373,524816,Natco Pharma Ltd.,,
374,543428,Data Patterns (India) Limited,,
375,500125,E.I.D. Parry (India) Ltd.,,
376,500040,ADITYA BIRLA REAL ESTATE LIMITED,,
377,544480,JSW CEMENT LIMITED,,
378,539876,Crompton Greaves Consumer Electricals Limited,,
379,500042,BASF India Ltd,,
380,544321,Ventive Hospitality Limited,,
381,500233,Kajaria Ceramics Ltd,,
382,532702,Gujarat State Petronet Ltd.,,
383,520111,Ratnamani Metals & Tubes Ltd,,
384,544678,BHARAT COKING COAL LIMITED,,
385,533655,Triveni Turbine Limited,,
386,543349,ACUTAAS CHEMICALS LIMITED,,
387,513023,NAVA LIMITED,,
388,543981,R R KABEL LIMITED,,
389,531768,Poly Medicure Ltd,,
390,544443,TRAVEL FOOD SERVICES LIMITED,,
391,513375,Carborundum Universal Ltd.,,
392,533581,PG Electroplast Limited,,
393,531358,Choice International Ltd,,
394,544405,BELRISE INDUSTRIES LIMITED,,
395,500008,Amara Raja Energy & Mobility Limited,,
396,500252,LMW Limited,,
397,533573,ALEMBIC PHARMACEUTICALS LIMITED,,
398,543330,Devyani International Limited,,
399,530019,JUBILANT PHARMOVA LIMITED,,
400,544174,TBO TEK LIMITED,,
401,522074,Elgi Equipments Ltd.,,
402,524200,Vinati Organics Ltd.,,
403,543573,Syrma SGS Technology Limited,,
404,500266,Maharashtra Scooters Ltd.,,
405,532784,Sobha Limited,,
406,500878,Ceat Ltd.,,
407,544225,Ola Electric Mobility Limited,,
408,544203,Allied Blenders and Distillers Limited,,
409,544350,Dr. Agarwal's Health Care Limited,,
410,500106,IFCI Ltd.,,
411,544608,Emmvee Photovoltaic Power Limited,,
412,544283,ACME Solar Holdings Limited,,
413,544045,DOMS Industries Limited,,
414,504067,Zensar Technologies Ltd.,,
415,524208,Aarti Industries Ltd,,
416,500645,Deepak Fertilizers &Petrochemicals,,
417,543663,Five-Star Business Finance Ltd.,,
418,500048,BEML Ltd,,
419,544700,Fractal Analytics Limited,,
420,532953,V-Guard Industries Ltd.,,
421,532726,GALLANTT ISPAT LIMITED,,
422,532482,Granules India Ltd.,,
423,543275,Anupam Rasayan India Limited,,
424,504346,RRP SEMICONDUCTOR LIMITED,,
425,541956,IRCON International Ltd,,
426,544311,International Gemological Institute Limited,,
427,544408,Leela Palaces Hotels & Resorts Limited,,
428,544537,Jain Resource Recycling Limited,,
429,505714,Gabriel India Ltd.,,
430,500710,JSW Dulux Limited,,
431,512573,Avanti Feeds ltd.,,
432,502986,Vardhman Textiles Limted,,
433,544226,Brainbees Solutions Limited,,
434,500110,Chennai Petroleum Corporation Ltd.,,
435,544286,NIVA BUPA HEALTH INSURANCE COMPANY LIMITED,,
436,531335,Zydus Wellness Limited,,
437,532605,JBM Auto Limited,,
438,544403,Aditya Birla Lifestyle Brands Limited,,
439,532783,LT Foods Limited,,
440,524742,Caplin Point Laboratories Ltd.,,
441,543238,UTI Asset Management Company Limited,,
442,543990,SIGNATUREGLOBAL (INDIA) LIMITED,,
443,519600,CCL Products (India) Ltd.,,
444,541557,Fine Organic Industries Limited,,
445,500249,KSB LIMITED,,
446,538962,Minda Corporation Limited,,
447,521064,Trident Ltd,,
448,544344,SHRIRAM PISTONS & RINGS LTD,,
449,542726,IndiaMART InterMESH Limited,,
450,544583,Canara HSBC Life Insurance Company Limited,,
451,530007,JK Tyre & Industries Ltd.,,
452,517146,Usha Martin Ltd.,,
453,543530,Paradeep Phosphates Limited,,
454,526612,Blue Dart Express Ltd.,,
455,543960,Concord Biotech Limited,,
456,523405,JM Financial Limited,,
457,543413,Tega Industries Limited,,
458,543335,Aptus Value Housing Finance India Limited,,
459,542141,Techno Electric & Engineering Company Limited,,
460,543534,Aether Industries Limited,,
461,544280,Afcons Infrastructure Limited,,
462,500241,Kirloskar Brothers Ltd.,,
463,530005,India Cements Ltd.,,
464,532939,Reliance Power Limited,,
465,543524,Rainbow Children's Medicare Limited,,
466,503310,Swan Corp Limited,,
467,539533,ELITECON INTERNATIONAL LIMITED,,
468,535789,Sammaan Capital Limited,,
469,533339,Zen Technologies Ltd.,,
470,533553,TD Power Systems Ltd,,
471,514162,WELSPUN LIVING LIMITED,,
472,533272,JUPITER WAGONS LIMITED,,
473,500144,Finolex Cables Ltd.,,
474,500405,Supreme Petrochem Ltd.,,
475,544739,Central Mine Planning & Design Institute Limited,,
476,509488,Graphite India Ltd.,,
477,533282,GRAVITA INDIA LIMITED,,
478,543358,Sansera Engineering Limited,,
479,532209,Jammu and Kashmir Bank Ltd.,,
480,544578,RUBICON RESEARCH LIMITED,,
481,543463,Vedant Fashions Limited,,
482,544572,SKF INDIA (INDUSTRIAL) LIMITED,,
483,501425,The Bombay Burmah Trading Corporation Ltd.,,
484,540073,BLS International Services Ltd,,
485,538835,INTELLECT DESIGN ARENA LIMITED,,
486,543334,Nuvoco Vistas Corporation Limited,,
487,543768,NMDC Steel Limited,,
488,544172,Indegene Limited,,
489,500238,Whirlpool of India Ltd,,
490,540750,Indian Energy Exchange Limited,,
491,509496,Cemindia Projects Limited,,
492,511196,Can Fin Homes Ltd.,,
493,530117,PRIVI SPECIALITY CHEMICALS LIMITED,,
494,500378,Jindal Saw Ltd.,,
495,500210,Ingersoll-Rand (India) Ltd.,,
496,543259,Home First Finance Company India Limited,,
497,532175,Cyient Limited,,
498,532627,Jaiprakash Power Ventures Limited,,
499,506590,PCBL Chemical Limited,,
500,543322,ALIVUS LIFE SCIENCES LIMITED,,
501,543333,CarTrade Tech Limited,,
502,532178,Engineers India Ltd.,,
503,523598,Shipping Corporation Of India Ltd,,
504,544288,BlackBuck Limited,,
505,540743,Godrej Agrovet Limited,,
506,530843,Cupid Limited,,
507,532400,BIRLASOFT LIMITED,,
508,541988,AAVAS Financiers Limited,,
509,500043,Bata India Limited,,
510,544012,Cello World Limited,,
511,539957,Mahanagar Gas Limited,,
512,542904,Ujjivan Small Finance Bank Limited,,
513,500183,HFCL LIMITED,,
514,533158,Thangamayil Jewellery Limited,,
515,500940,Finolex Industries Ltd.,,
516,544057,Happy Forgings Limited,,
517,543959,SBFC Finance Limited,,
518,544046,INOX India Limited,,
519,532762,Action Construction Equipments Ltd.,,
520,541556,RITES Limited,,
521,509631,HEG Ltd.,,
522,541233,Lemon Tree Hotels Limited,,
523,544717,Clean Max Enviro Energy Solutions Limited,,
524,544061,Azad Engineering Limited,,
525,532796,Lumax Auto Technologies Ltd.,,
526,532922,Edelweiss Financial Services Ltd.,,
527,543265,RailTel Corporation of India Limited,,
528,543482,Eureka Forbes Limited,,
529,543271,Jubilant Ingrevia Limited,,
530,532966,TITAGARH RAIL SYSTEMS LIMITED,,
531,532218,South Indian Bank Ltd.,,
532,543527,Prudent Corporate Advisory Services Limited,,
533,544250,Sanofi Consumer Healthcare India Limited,,
534,504918,Sandur Manganese & Iron Ores Ltd.,,
535,543350,Vijaya Diagnostic Centre Limited,,
536,501423,Shaily Engineering Plastics Ltd.,,
537,505700,Elecon Engineering Co.Ltd.,,
538,532689,PVR INOX LIMITED,,
539,534618,WAAREE RENEWABLE TECHNOLOGIES LIMITED,,
540,543427,Medplus Health Services Limited,,
541,500294,NCC Limited,,
542,543270,MTAR Technologies Limited,,
543,542773,IIFL CAPITAL SERVICES LIMITED,,
544,542650,Metropolis Healthcare Limited,,
545,520113,Vesuvius India Ltd.,,
546,507205,Tilaknagar Industries Ltd,,
547,532527,ramkrishna forgings Ltd.,,
548,543280,Nazara Technologies Limited,,
549,532926,JYOTHY LABS LIMITED,,
550,544634,Aequs Limited,,
551,523025,Safari Industries (India) Ltd.,,
552,544014,Honasa Consumer Limited,,
553,532439,OLECTRA GREENTECH LIMITED,,
554,540900,Newgen Software Technologies Limited,,
555,543317,G R Infraprojects Limited,,
556,544644,Corona Remedies Limited ,,
557,543596,Tamilnad Mercantile Bank Limited,,
558,500038,Balrampur Chini Mills Ltd.,,
559,500039,Banco Products (India) Ltd.,,
560,513377,MMTC Ltd.,,
561,532493,Astra Microwave Products Ltd.,,
562,500674,Sanofi India Ltd,,
563,544192,Le Travenues Technology Limited,,
564,532856,Time Technoplast Limited,,
565,539787,HealthCare Global Enterprises Limited,,
566,500101,Arvind Ltd.,,
567,500380,JK Lakshmi Cement Limited,,
568,530517,Relaxo Footwears Ltd.,,
569,500463,BLACK BOX LIMITED,,
570,534076,RHI MAGNESITA INDIA LIMITED,,
571,500126,PROCTER & GAMBLE HEALTH LIMITED,,
572,532371,Tata Teleservices (Maharashtra) Ltd.,,
573,540575,Star Cement Limited,,
574,544022,ASK Automotive Limited,,
575,543980,Jupiter Life Line Hospitals Limited,,
576,500472,SKF India Ltd.,,
577,541578,Varroc Engineering Limited,,
578,543318,Clean Science and Technology Limited,,
579,532832,EMBASSY DEVELOPMENTS LIMITED,,
580,538666,Sharda Cropchem Limited,,
581,532928,Transformers and Rectifiers (India) Limited,,
582,532468,Kama Holdings Limited,,
583,530343,Genus Power Infrastructures Ltd,,
584,500133,Esab India Ltd.,,
585,532221,Sonata Software Ltd.,,
586,544044,India Shelter Finance Corporation Limited,,
587,533107,SWAN DEFENCE AND HEAVY INDUSTRIES LIMITED,,
588,535755,Aditya Birla Fashion and Retail Limited,,
589,540879,Apollo Micro Systems Limited,,
590,500655,GARWARE HI-TECH FILMS LIMITED,,
591,505537,Zee Entertainment Enterprises Ltd.,,
592,544476,Jeena Sikho Lifecare Limited,,
593,532757,VOLTAMP TRANSFORMERS LIMITED,,
594,532531,STRIDES PHARMA SCIENCE LIMITED,,
595,542323,KPI Green Energy Limited,,
596,544595,Orkla India Limited,,
597,505355,Nesco Ltd,,
598,533248,Gujarat Pipavav Port Limited,,
599,544488,Vikram Solar Limited,,
600,530813,KRBL Ltd.,,
601,543398,Latent View Analytics Limited,,
602,532356,Triveni Engineering & Industries Ltd,,
603,543490,GMR Power and Urban Infra Limited,,
604,544256,P N GADGIL JEWELLERS LIMITED,,
605,524404,Marksans Pharma Ltd.,,
606,544009,Blue Jet Healthcare Limited,,
607,533269,VA Tech Wabag Limited,,
608,544679,Amagi Media Labs Limited,,
609,541974,Manorama Industries Limited,,
610,532349,Transport Corporation of India Ltd,,
611,505533,WESTLIFE FOODWORLD LIMITED,,
612,506767,Alkyl Amines Chemicals Ltd.,,
613,532313,Mahindra Lifespace Developers Ltd.,,
614,532652,Karnataka Bank Ltd.,,
615,500335,Birla Corporation Ltd.,,
616,543523,Campus Activewear Limited,,
617,517506,TTK Prestige Ltd.,,
618,544645,PARK MEDI WORLD LIMITED,,
619,532915,Religare Enterprises Ltd,,
620,512463,LLOYDS ENTERPRISES LIMITED,,
621,544527,Atlanta Electricals Limited,,
622,532867,V2 Retail Limited,,
623,522285,Jayaswal Neco Industries Ltd,,
624,531431,Shakti Pumps (India) Ltd.,,
625,544484,BlueStone Jewellery and Lifestyle Limited,,
626,540595,Tejas Networks Limited,,
627,500265,Maharashtra Seamless Ltd.,,
628,544317,Transrail Lighting Limited,,
629,521070,Alok Industries Ltd.,,
630,544570,WeWork India Management Limited,,
631,533095,Bengal & Assam Company Limited,,
632,524230,Rashtriya Chemicals & Fertilizers Limited,,
633,540047,Dilip Buildcon Limited,,
634,505283,Kirloskar Pneumatic Co.Ltd.,,
635,522163,Diamond Power Infrastructure Limited,,
636,534809,PC JEWELLER LIMITED,,
637,544222,Akums Drugs and Pharmaceuticals Limited,,
638,543425,C.E. Info Systems Limited,,
639,540293,Pricol Limited,,
640,500245,Kirloskar Ferrous Industries Ltd.,,
641,544469,Sri Lotus Developers and Realty Limited,,
642,506655,Sudarshan Chemical Indus. Ltd.,,
643,532808,Pearl Global Industries Limited,,
644,512529,VIYASH SCIENTIFIC LIMITED,,
645,543243,Equitas Small Finance Bank Limited,,
646,532374,Sterlite Technologies Limited.,,
647,544685,SHADOWFAX TECHNOLOGIES LIMITED,,
648,542867,CSB Bank Limited,,
649,543417,RateGain Travel Technologies Limited,,
650,544723,SEDEMAC MECHATRONICS LIMITED,,
651,500123,Elantas Beck India Ltd,,
652,533047,Indian Metals & Ferro Alloys Limited,,
653,544619,Sudeep Pharma Limited,,
654,543532,ETHOS LIMITED,,
655,502219,BOROSIL RENEWABLES LIMITED,,
656,543667,INOX GREEN ENERGY SERVICES LIMITED,,
657,543306,Dodla Dairy Limited,,
658,539302,Power Mech Projects Limited,,
659,543657,Archean Chemical Industries Limited,,
660,500690,Gujarat State Fertilizers & Chem.Ltd,,
661,532375,TIPS MUSIC LIMITED,,
662,500670,Gujarat Narmada Valley Fert.Co.Ltd,,
663,543253,Mrs. Bectors Food Specialities Limited,,
664,543957,REDTAPE Limited,,
665,544423,Kalpataru Limited,,
666,532553,Welspun Enterprises Limited,,
667,543397,Sapphire Foods India Limited,,
668,532163,Saregama India Ltd.,,
669,540935,Galaxy Surfactants Limited,,
670,539871,Thyrocare Technologies Limited,,
671,544008,Max Estates Limited,,
672,532443,Cera Sanitaryware Ltd.,,
673,532790,TANLA PLATFORMS LIMITED,,
674,500135,EPL LIMITED,,
675,543950,YATHARTH HOSPITAL & TRAUMA CARE SERVICES LIMITED,,
676,530549,Shilpa Medicare Ltd.,,
677,533286,MOIL Limited,,
678,509557,GARWARE TECHNICAL FIBRES LIMITED,,
679,500338,PRISM JOHNSON LIMITED.,,
680,543748,Aarti Pharmalabs Limited,,
681,544613,Fujiyama Power Systems Limited,,
682,543227,Happiest Minds Technologies Limited,,
683,544367,QUALITY POWER ELECTRICAL EQUIPMENTS LIMITED,,
684,505242,Dynamatic Technologies Ltd.,,
685,540205,Aditya Vision Limited,,
686,543896,Avalon Technologies Limited,,
687,533033,ISGEC Heavy Engineering Limited,,
688,541195,Mishra Dhatu Nigam Limited,,
689,532976,Jai Balaji Industries Limited,,
690,500201,India Glycols Ltd,,
691,542484,Arvind Fashions Limited,,
692,527001,Ashapura Minechem Ltd,,
693,531599,FDC Ltd.,,
694,533160,VALOR ESTATE LIMITED,,
695,544356,AJAX Engineering Limited,,
696,540203,Sheela Foam Limited,,
697,538979,Greenlam Industries Ltd,,
698,532395,AXISCADES TECHNOLOGIES LIMITED,,
699,523323,Kovai Medical Center & Hospital Ltd,,
700,544622,Kwality Wall’s (India) Limited,,
701,539992,LLOYDS ENGINEERING WORKS LIMITED,,
702,532509,Suprajit Engineering Ltd.,,
703,524226,Gujarat Ambuja Exports Ltd.,,
704,519126,Hindustan Foods Ltd.,,
705,526367,GANESH HOUSING LIMITED,,
706,543669,Keystone Realtors Limited,,
707,532798,Network 18 Media & Investments Limited,,
708,532162,JK Paper Ltd.,,
709,522205,Praj Industries Ltd.,,
710,523704,Mastek Limited,,
711,531112,BALU FORGE INDUSTRIES LIMITED,,
712,533088,Mahindra Holidays & Resorts India Limited,,
713,532811,Ahluwalia Contracts (India) Ltd,,
714,517385,Symphony Limited,,
715,544240,Raymond Lifestyle Limited,,
716,539150,PNC Infratech Limited,,
717,532768,FIEM INDUSTRIES LIMITED,,
718,500413,Thomas Cook (India) Ltd.,,
719,532772,DCB Bank Limited,,
720,500250,L.g.Balkrishnan & Bros. Ltd.,,
721,524019,Kingfa Science & Technology (India) Ltd,,
722,544490,Shreeji Shipping Global Limited,,
723,540749,MAS Financial Services Limited,,
724,544642,Wakefit Innovations Limited,,
725,530305,Piccadily Agro Industries ltd.,,
726,512179,Sunteck Realty Ltd,,
727,532835,ICRA Limited,,
728,505192,SML Mahindra Limited,,
729,543434,Supriya Lifescience Limited,,
730,532670,Shree Renuka Sugars Ltd.,,
731,544744,Powerica Ltd.,,
732,543367,Paras Defence and Space Technologies Limited,,
733,535648,Just Dial Limited,,
734,544580,Canara Robeco Asset Management Company Limited,,
735,543387,S.J.S. Enterprises Limited,,
736,539725,Gokul Agro Resources Ltd,,
737,521016,Indo Count Industries Ltd,,
738,505726,IFB Industries Limited,,
739,532668,Aurionpro Solutions Ltd.,,
740,541967,Sky Gold And Diamonds Limited,,
741,538567,Gulf Oil Lubricants India Limited,,
742,539807,AvenuesAI Limited,,
743,500214,Ion Exchange (India) Ltd,,
744,500336,Surya Roshni Ltd.,,
745,532891,Puravankara Limited,,
746,539883,Pilani Investment And Industries Corporation Limited,,
747,532630,Gokaldas Exports Ltd,,
748,544027,Fedbank Financial Services Limited,,
749,543441,CMS Info Systems Limited,,
750,544647,Nephrocare Health Services Limited,,
751,517168,Subros Ltd.,,
752,544263,KRN HEAT EXCHANGER AND REFRIGERATION LIMITED,,
753,544447,SMARTWORKS COWORKING SPACES LIMITED,,
754,543936,Senco Gold Limited,,
755,534976,V-Mart Retail Limited,,
756,535602,Sharda Motor Industries Ltd,,
757,544526,Saatvik Green Energy Limited,,
758,500390,Reliance Infrastructure Ltd,,
759,532804,Technocraft Industries (India) Ltd.,,
760,544129,Juniper Hotels Limited,,
761,507880,V.I.P. Industries Ltd.,,
762,534597,RATTANINDIA ENTERPRISES LIMITED,,
763,544418,Oswal Pumps Limited,,
764,500355,Rallis India Ltd,,
765,523539,Precision Wires India ltd.,,
766,543332,Epigral Limited,,
767,507717,Dhanuka Agritech Ltd.,,
768,517206,Lumax Industries Ltd.,,
769,500171,GHCL Ltd.,,
770,532524,PTC India Ltd,,
771,543258,Indigo Paints Limited,,
772,520051,Jamna Auto Industries Ltd.,,
773,533122,RattanIndia Power Limited,,
774,544587,Midwest Limited,,
775,543952,NIIT Learning Systems Limited,,
776,500031,Bajaj Electricals Ltd.,,
777,512329,SG MART LIMITED,,
778,505890,Kennametal India Limtied,,
779,544122,Entero Healthcare Solutions Limited,,
780,543965,TVS Supply Chain Solutions Limited,,
781,531266,V.S.T.Tillers Tractors Ltd.,,
782,526570,Midwest Gold Ltd,,
783,505509,Responsive Industries Ltd,,
784,534804,CARE Ratings Limited,,
785,500185,Hindustan Construction Co. Ltd.,,
786,544223,Ceigall India Limited,,
787,542760,STERLING AND WILSON RENEWABLE ENERGY LIMITED,,
788,533326,Texmaco Rail & Engineering Limited,,
789,544614,Capillary Technologies India Limited,,
790,538730,PDS LIMITED,,
791,532899,Kaveri Seed Company Ltd,,
792,539118,VRL Logistics Limited,,
793,500128,Electrosteel Castings Ltd.,,
794,531500,Rajesh Exports Ltd.,,
795,532189,India Tourism Development Corporati,,
796,544322,Unimech Aerospace and Manufacturing Limited,,
797,538562,Skipper Limited,,
798,533169,MAN INFRACONSTRUCTION LIMITED,,
799,531201,Shilchar Technologies Ltd.,,
800,500307,Nirlon Limited,,
801,505255,GMM Pfaudler Ltd.,,
802,532528,Datamatics Global Services Limited,,
803,540673,SIS LIMITED,,
804,500041,Bannari Amman Sugars Ltd.,,
805,544209,Bansal Wire Industries Limited,,
806,500404,Sunflag Iron & Steel Co. Ltd.,,
807,500407,Swaraj Engines Ltd.,,
808,541019,H.G. Infra Engineering Limited,,
809,500339,Rain Industries Limited,,
810,544533,Seshaasai Technologies Limited,,
811,526433,ASM Technologies Ltd.,,
812,533229,BAJAJ CONSUMER CARE LIMITED,,
813,544439,CRIZAC LIMITED,,
814,532872,Sun Pharma Advanced Research Company Ltd.,,
815,543249,TARC LIMITED,,
816,543336,Chemplast Sanmar Limited,,
817,544118,JANA SMALL FINANCE BANK LIMITED,,
818,533271,Ashoka Buildcon Limited,,
819,533151,D.B.Corp Limited,,
820,543277,Laxmi Organic Industries Limited,,
821,500187,AGI GREENPAC LIMITED,,
822,506854,TANFAC Industries Ltd.,,
823,544421,ELLENBARRIE INDUSTRIAL GASES LIMITED,,
824,532940,J. Kumar Infraprojects Limited,,
825,532735,R Systems International Limited,,
826,508486,Hawkins Cooker Ltd.,,
827,534758,Cigniti Technologies Ltd,,
828,543533,eMudhra Limited,,
829,509966,VST Industries Ltd.,,
830,544260,Northern Arc Capital Ltd.,,
831,543626,Electronics Mart India Limited,,
832,532638,Shoppers Stop Ltd,,
833,544067,INNOVA CAPTAB LIMITED,,
834,532942,KNR Constructions Limited,,
835,532150,Indraprastha Medical Corporation Lt,,
836,542460,The Anup Engineering Ltd,,
837,526729,Goldiam International Ltd.,,
838,543985,ZAGGLE PREPAID OCEAN SERVICES LIMITED,,
839,501455,Greaves Cotton Ltd.,,
840,523630,National Fertilizers Ltd.,,
841,544550,Pace Digitek Limited,,
842,530135,Optiemus Infracom Limited,,
843,532406,Avantel Limited,,
844,501421,TechNVision Ventures Limited,,
845,520057,JTEKT India Limited,,
846,543273,Knowledge Marine & Engineering Works Limited,,
847,505872,WPIL Ltd,,
848,544454,INDIQUBE SPACES LIMITED,,
849,523398,BOSCH HOME COMFORT INDIA LIMITED,,
850,530001,Gujarat Alkalis & Chemicals Ltd.,,
851,506879,Gujarat Themis Biosyn Ltd.,,
852,533676,Indo Thai Securities Limited,,
853,532626,Pondy Oxides & Chemicals Limited,,
854,532156,Vaibhav Global Ltd,,
855,530239,Suven Life Sciences Ltd.,,
856,544455,GNG Electronics Limited,,
857,541301,Orient Electric Limited,,
858,543242,Hemisphere Properties India Limited,,
859,543971,Bondada Engineering Limited,,
860,500292,HeidelbergCement  India Limited,,
861,532407,MOSCHIP TECHNOLOGIES LIMITED,,
862,544140,Gopal Snacks Limited,,
863,542919,Artemis Medicare Services Limited,,
864,543984,Samhi Hotels Limited,,
865,543228,Route Mobile Limited,,
866,539837,RAGHAV PRODUCTIVITY ENHANCERS LIMITED,,
867,530655,Goodluck India Limited,,
868,542866,COLAB PLATFORMS LIMITED,,
869,543248,Restaurant Brands Asia Limited,,
870,544319,SENORES PHARMACEUTICALS LIMITED,,
871,530999,Balaji Amines Ltd.,,
872,517544,Centum Electronics Ltd,,
873,526951,Stylam Industries Limited,,
874,519552,Heritage Foods Limited,,
875,514440,Blue Pearl Agriventures Limited,,
876,544314,Sanathan Textiles Limited,,
877,544530,ANAND RATHI SHARE AND STOCK BROKERS LIMITED,,
878,517498,Websol Energy System Limited,,
879,521248,Kitex Garmenets Ltd.,,
880,544720,Omnitech Engineering Limited,,
881,533262,Ramky Infrastructure Limited,,
882,524709,NACL Industries Limited,,
883,506222,Styrenix Performance Materials Limited,,
884,524348,Aarti Drugs Limited,,
885,532884,Refex Industries Limited,,
886,519477,CIAN Agro Industries & Infrastructure Limited,,
887,544545,TRUALT BIOENERGY LIMITED,,
888,544232,Interarch Building Solutions Limited,,
889,539042,AGI Infra Limited,,
890,522034,Shanthi Gears Ltd.,,
891,540768,Mahindra Logistics Limited,,
892,500150,Foseco India Ltd,,
893,524372,Orchid Pharma Limited,,
894,532029,Sindhu Trade Links Limited,,
895,516072,Vishnu Chemicals Limited,,
896,532983,RPG Life Sciences Limited,,
897,519156,Vadilal Industries Ltd.,,
898,543600,Harsha Engineers International Limited,,
899,543325,Rolex Rings Limited,,
900,542665,Neogen Chemicals Limited,,
901,541336,IndoStar Capital Finance Limited,,
902,532799,Hubtown Limited,,
903,540025,Advanced Enzyme Technologies Limited,,
904,500148,Uflex Limited,,
905,503101,Marathon Nextgen Realty Ltd,,
906,538268,Wonderla Holidays Limited,,
907,500243,Kirloskar Industries Ltd,,
908,544290,ENVIRO INFRA ENGINEERS LIMITED,,
909,540725,Share India Securities Limited,,
910,532900,PAISALO DIGITAL LIMITED,,
911,542597,MSTC Limited,,
912,535754,ORIENT CEMENT LIMITED,,
913,540701,Dishman Carbogen Amcis Limited,,
914,539542,LUX Industries Limited,,
915,532924,Kolte-Patil Developers Ltd,,
916,505710,Grauer & Weil (India) Ltd.,,
917,543212,Borosil Limited,,
918,544030,Flair Writing Industries Limited,,
919,539889,Parag Milk Foods Limited,,
920,532815,SMS Pharmaceuticals Ltd,,
921,508989,Navneet Education Limited,,
922,500414,Timex Group India Ltd,,
923,500235,Kalyani Steels Ltd,,
924,500285,SpiceJet Limited,,
925,530943,Aqylon Nexus Limited,,
926,513262,Steel Strips & Wheels Ltd,,
927,513519,PITTI ENGINEERING LIMITED,,
928,540544,PSP Projects Limited,,
929,509079,Gufic BioSciences Ltd.,,
930,532256,Nalwa Sons Investment Ltd,,
931,541163,Sandhar Technologies Limited,,
932,526650,Tourism Finance Corpn. Of India Ltd,,
933,532440,MPS Limited,,
934,513349,Ajmera Realty & Infra India Limited,,
935,544355,Jubilant Agri and Consumer Products Limited,,
936,509243,TVS Srichakra Ltd.,,
937,544420,Raymond Realty Limited,,
938,542727,CITY PULSE MULTIVENTURES LIMITED,,
939,526881,63 Moons Technologies Limited,,
940,513269,Man Industries (India) Ltd,,
941,523716,Ashiana Housing Limited,,
942,526807,Seamec Ltd,,
943,512008,EFC (I) LIMITED,,
944,523319,Balmer Lawrie & Co. Ltd.,,
945,526797,Greenply Industries Ltd,,
946,539978,Quess Corp Limited,,
947,543321,Tatva Chintan Pharma Chem Limited,,
948,544088,Medi Assist Healthcare Services Limited,,
949,503960,Bharat Bijlee Ltd.,,
950,526125,BN AGROCHEM LIMITED,,
951,532732,Kewal Kiran Clothing Ltd.,,
952,544055,Muthoot Microfin Limited,,
953,543933,Cyient DLM Limited,,
954,522281,Ram Ratna Wires Ltd.,,
955,544320,CARRARO INDIA LIMITED,,
956,543542,KESAR INDIA LIMITED,,
957,544430,SAMBHV STEEL TUBES LIMITED,,
958,544161,D P ABHUSHAN LIMITED,,
959,543213,ROSSARI BIOTECH LIMITED,,
960,531449,GRM Overseas Ltd.,,
961,504882,National Standard (India) Limited,,
962,544181,Awfis Space Solutions Limited,,
963,532967,KIRI INDUSTRIES LIMITED,,
964,543489,Gateway Distriparks Limited,,
965,532054,KDDL Ltd,,
966,531719,Bhagiradha Chemicals and Industries,,
967,544066,SUNDARAM-CLAYTON LIMITED,,
968,544699,Aye Finance Limited,,
969,542907,Prince Pipes and Fittings Limited,,
970,533104,Globus Spirits Limited,,
971,524743,FISCHER MEDICAL VENTURES LIMITED,,
972,544664,KSH INTERNATIONAL LIMITED,,
973,500330,Raymond Limited,,
974,544519,EURO PRATIK SALES LIMITED,,
975,543547,DDEV PLASTIKS INDUSTRIES LIMITED,,
976,500444,West Coast Paper Mills Limited,,
977,531120,Patel Engineering Ltd,,
978,506690,Unichem Laboratories Ltd.,,
979,505010,Automotive Axles Ltd.,,
980,543620,INSOLATION ENERGY LIMITED,,
981,544333,STANDARD ENGINEERING TECHNOLOGY LIMITED,,
982,522101,Kilburn Engineering Ltd,,
983,543652,FUSION FINANCE LIMITED,,
984,543972,Aeroflex Industries Limited,,
985,532834,Camlin Fine Sciences Ltd,,
986,542857,Greenpanel Industries Limited,,
987,531543,Jindal Worldwide Ltd.,,
988,544525,GK ENERGY LIMITED,,
989,532486,Pokarna Ltd.,,
990,503811,Siyaram Silk Mills Ltd.,,
991,544396,Network People Services Technologies Limited,,
992,526247,Premier Explosives Ltd.,,
993,533333,Fineotex Chemical Limited,,
994,504212,Universal Cables Ltd.,,
995,539921,Shanti Educational Initiatives Limited,,
996,500219,Jain Irrigation Systems Ltd.,,
997,543272,Easy Trip Planners Limited,,
998,543288,Deep Industries Limited,,
999,544111,Apeejay Surrendra Park Hotels Limited,,
1000,522215,HLE GLASCOAT LIMITED,,
1001,544294,Rossell Techsys Limited,,
1002,544021,Protean eGov Technologies Limited,,
1003,539895,SPICE LOUNGE FOOD WORKS LIMITED,,
1004,539056,IMAGICAAWORLD ENTERTAINMENT LIMITED,,
1005,504341,RAVINDRA ENERGY LIMITED,,
1006,524051,Polyplex Corporation Ltd.,,
1007,523618,Dredging Corporation of India Ltd.,,
1008,530073,Sanghvi Movers Ltd.,,
1009,543686,Sirca Paints India Limited,,
1010,513097,Shivalik Bimetal Controls Ltd.,,
1011,539301,Arvind SmartSpaces Limited,,
1012,530367,NRB Bearings Ltd.,,
1013,509732,Kothari Industrial Corpn. Ltd.,,
1014,500730,NOCIL Ltd,,
1015,544402,JASH ENGINEERING LIMITED,,
1016,532369,Ramco Industries Ltd,,
1017,513228,Pennar Industries Ltd.,,
1018,532309,GE Power India Limited,,
1019,502090,Sagar Cements Ltd,,
1020,500227,Jindal Poly Films Ltd.,,
1021,523301,TCPL Packaging Limited,,
1022,517467,MARSONS LIMITED,,
1023,534392,Vardhman Special Steels Ltd,,
1024,543942,UTKARSH SMALL FINANCE BANK LIMITED,,
1025,500020,Bombay Dyeing & Mfg. Co. Ltd.,,
1026,504036,Hind Rectifiers Ltd.,,
1027,500097,Dalmia Bharat Sugar and Industries Ltd,,
1028,500215,SUNDROP BRANDS LIMITED,,
1029,544457,Brigade Hotel Ventures Limited,,
1030,542333,RPSG VENTURES LIMITED,,
1031,524735,Hikal Ltd.,,
1032,524091,CARYSIL LIMITED,,
1033,540724,Prataap Snacks Limited,,
1034,500032,Bajaj Hindusthan Sugar Limited,,
1035,500412,Thirumalai Chemicals Ltd.,,
1036,535322,Repco Home Finance Limited,,
1037,544095,EPACK Durable Limited,,
1038,500191,HMT Limited,,
1039,505744,Federal-Mogul Goetze (India) Ltd,,
1040,524667,Savita Oil Technologies Limited,,
1041,532930,BGR ENERGY SYSTEMS LIMITED,,
1042,500147,JOHN COCKERILL INDIA LIMITED,,
1043,500365,WELSPUN SPECIALTY SOLUTIONS LIMITED,,
1044,534600,JTL INDUSTRIES LIMITED,,
1045,526783,Dr.Agarwals Eye Hospital Ltd.,,
1046,506235,Alembic  Ltd,,
1047,544379,Prabha Energy Limited,,
1048,544261,ARKADE DEVELOPERS LIMITED,,
1049,544119,Rashi Peripherals Limited,,
1050,543619,Concord Control Systems Limited,,
1051,543528,Venus Pipes & Tubes Limited,,
1052,506022,Prakash Industries Ltd.,,
1053,539658,TeamLease Services Limited,,
1054,524164,IOL Chemicals & Pharmaceuticals Ltd,,
1055,507488,G.M. Breweries Ltd.,,
1056,503681,Elcid Investments Ltd.,,
1057,531508,Eveready Industries India Ltd.,,
1058,514167,Ganesha Ecosphere Limited,,
1059,540136,HPL Electric & Power Limited,,
1060,524394,Vimta Labs Ltd.,,
1061,544540,Epack Prefab Technologies Limited,,
1062,511551,Monarch Networth Capital Limited,,
1063,517300,Gujarat Industries Power Co. Ltd,,
1064,513517,Steelcast Ltd.,,
1065,532390,Taj GVK Hotels & Resorts Ltd.,,
1066,531209,Nucleus Software Exports Ltd,,
1067,539199,SG FINSERVE LIMITED,,
1068,514234,Sangam (India) Ltd,,
1069,522249,Mayur Uniquoters ltd.,,
1070,522064,HONDA INDIA POWER PRODUCTS LIMITED,,
1071,543992,YATRA ONLINE LIMITED,,
1072,522029,Windsor Machines Limited,,
1073,500306,Jaykay Enterprises Limited,,
1074,544517,Shankara Buildpro Limited,,
1075,519183,ADF Foods Limited.,,
1076,544243,Baazar Style Retail Limited,,
1077,543328,Krsnaa Diagnostics Limited,,
1078,500288,Morepen Laboratories Ltd.,,
1079,517522,Rajratan Global Wire Ltd,,
1080,539686,K.P. Energy Limited,,
1081,526947,La Opala RG Ltd.,,
1082,500052,Bhansali Engineering Polymers Ltd.,,
1083,531349,Panacea Biotec Ltd.,,
1084,502157,Mangalam Cement Ltd.,,
1085,533267,CANTABIL RETAIL INDIA LIMITED,,
1086,539450,S H Kelkar and Company Limited,,
1087,544496,Vikran Engineering Limited,,
1088,532368,BRIGHTCOM GROUP LIMITED,,
1089,543689,Uniparts India Limited,,
1090,532661,Rane (Madras)  Ltd.,,
1091,500672,Novartis India Limited.,,
1092,512068,Deccan Gold Mines Ltd.,,
1093,543401,Go Fashion (India) Limited,,
1094,544142,Shipping Corporation of India Land and Assets Limited,,
1095,538920,VINTAGE COFFEE AND BEVERAGES LIMITED,,
1096,542905,Hindware Home Innovation Limited,,
1097,540212,TCI Express Limited,,
1098,512237,Jai Corp Limited,,
1099,532430,BF Utilities Ltd.,,
1100,526227,Filatex India Ltd.,,
1101,505504,GHV INFRA PROJECTS LIMITED,,
1102,533302,Kalyani Investment Company Limited,,
1103,540710,Capacit'e Infraprojects Limited,,
1104,544512,SHRINGAR HOUSE OF MANGALSUTRA LIMITED,,
1105,544150,KP GREEN ENGINEERING LIMITED,,
1106,500108,Mahanagar Telephone Nigam Ltd.,,
1107,534535,STRING METAVERSE LIMITED,,
1108,543983,EMS LIMITED,,
1109,523127,EIH Associated Hotels Ltd.,,
1110,533344,PTC India Financial Services Limited,,
1111,533162,Hathway Cable & Datacom Limited,,
1112,506197,Bliss GVS Pharma Limited,,
1113,523385,Nilkamal Limited,,
1114,532612,Indoco Remedies Ltd.,,
1115,544224,Afcom Holdings Limited,,
1116,544532,Solarworld Energy Solutions Limited,,
1117,544599,Studds Accessories Limited,,
1118,543650,DCX Systems Limited,,
1119,533520,Indiabulls Limited,,
1120,544386,Spectrum Electrical Industries Limited,,
1121,501945,Dhenu Buildcon Infra Limited,,
1122,544742,Sai Parenteral's Limited,,
1123,523606,Sika Interplant Systems Ltd.,,
1124,523261,Venky's (India) ltd.,,
1125,543590,Rhetan TMT Limited,,
1126,543812,DIVGI TORQTRANSFER SYSTEMS LIMITED,,
1127,533644,Ujaas Energy Limited,,
1128,544470,M & B ENGINEERING LIMITED,,
1129,532859,Hinduja Global Solutions Limited,,
1130,533306,SUMMIT SECURITIES LTD.,,
1131,532698,Nitin Spinners Ltd.,,
1132,543989,Sai Silks (Kalamandir) Limited,,
1133,532722,Nitco Ltd.,,
1134,532408,SIGMA ADVANCED SYSTEMS LIMITED,,
1135,500333,Pix Transmissions Ltd.,,
1136,516038,KS Smart Technologies Limited,,
1137,522241,M.M.Forgings Ltd.,,
1138,519091,Tasty Bite Eatables Ltd.,,
1139,544042,Bajel Projects Limited,,
1140,543932,IDEAFORGE TECHNOLOGY LIMITED,,
1141,542774,MUFIN GREEN FINANCE LIMITED,,
1142,532663,Sasken Technologies Limited,,
1143,500186,Hindustan Oil Exploration Co. Ltd.,,
1144,523694,Apcotex Industries Limited,,
1145,532686,Kernex Microsystems (India) Ltd.,,
1146,504741,Indian Hume Pipe Co. Ltd.,,
1147,540797,Shalby Limited,,
1148,533080,Mold-Tek Packaging Limited,,
1149,523862,GRAND OAK CANYONS DISTILLERY LIMITED,,
1150,532851,Insecticides India Ltd.,,
1151,532285,Geojit Financial Services Limited,,
1152,500168,Goodyear India Ltd.,,
1153,532370,Ramco Systems Ltd,,
1154,500460,Mukand Ltd.,,
1155,532650,MSP STEEL & POWER LTD.,,
1156,533257,INDOSOLAR LIMITED,,
1157,544456,R M DRIP AND SPRINKLERS SYSTEMS LIMITED,,
1158,543449,WONDER ELECTRICALS LIMITED,,
1159,532268,ACCELYA SOLUTIONS INDIA LIMITED,,
1160,543714,LANDMARK CARS LIMITED,,
1161,512038,TCC CONCEPT LIMITED,,
1162,541540,SOLARA ACTIVE PHARMA SCIENCES LIMITED,,
1163,543311,India Pesticides Limited,,
1164,500314,Oriental Hotels Ltd.,,
1165,506373,Citurgia Biochemicals Ltd.,,
1166,507514,Som Distilleries & Breweries Ltd.,,
1167,504092,Indokem Ltd,,
1168,538734,CEINSYS TECH LIMITED,,
1169,524632,Shukra Pharmaceuticals Limited,,
1170,544291,RAJESH POWER SERVICES LIMITED ,,
1171,543214,NDR Auto Components Limited,,
1172,544733,GSP CROP SCIENCE LIMITED,,
1173,523838,Simplex Infrastructures Limited,,
1174,511742,UGRO CAPITAL LIMITED,,
1175,505800,Rane Holdings Ltd.,,
1176,543260,STOVE KRAFT LIMITED,,
1177,532240,India Nippon Electricals Ltd,,
1178,540048,S.P. Apparels Limited,,
1179,530075,Antelopus Selan Energy Limited,,
1180,543386,Fino Payments Bank Limited,,
1181,543953,Khazanchi Jewellers Limited,,
1182,543411,HI-TECH PIPES LIMITED,,
1183,508814,Cosmo First Limited,,
1184,539682,Mobavenue AI Tech Limited,,
1185,543514,Veranda Learning Solutions Limited,,
1186,543230,ADVAIT ENERGY TRANSITIONS LIMITED,,
1187,517041,Ador Welding Ltd.,,
1188,500068,Disa India Ltd.,,
1189,541403,Dollar Industries Limited,,
1190,541167,YASHO INDUSTRIES LIMITED,,
1191,532848,Delta Corp Limited,,
1192,544198,DEE DEVELOPMENT ENGINEERS LIMITED,,
1193,542759,Spandana Sphoorty Financial Limited,,
1194,543644,InfoBeans Technologies Limited,,
1195,538891,MAGELLANIC CLOUD LIMITED,,
1196,544271,Garuda Construction and Engineering Limited,,
1197,524820,Panama Petrochem Ltd.,,
1198,544413,Digitide Solutions Limited,,
1199,544305,One Mobikwik Systems Limited,,
1200,543329,Windlas Biotech Limited,,
1201,531548,Somany Ceramics Limited,,
1202,539404,SATIN CREDITCARE NETWORK LIMITED,,
1203,507526,Associated Alcohols & Breweries Ltd,,
1204,522195,Frontier Springs Ltd.,,
1205,505725,ALGOQUANT FINTECH LIMITED,,
1206,505160,Talbros Automotive Components Ltd.,,
1207,543711,Sula Vineyards Limited,,
1208,532717,Indo Tech Transformers Limited,,
1209,532888,ASIAN GRANITO INDIA LIMITED,,
1210,544107,BLS E-Services Limited,,
1211,522261,Dolphin Offshore Enterprises (India) ltd.,,
1212,505196,TIL Ltd.,,
1213,531179,Arman Financial Services Limited,,
1214,544217,SANSTAR LIMITED,,
1215,544479,ALL TIME PLASTICS LIMITED,,
1216,531717,Vidhi Specialty Food Ingredients Limited,,
1217,532485,Balmer Lawrie Investments Ltd.,,
1218,544342,Stallion India Fluorochemicals Limited,,
1219,504112,Nelco Ltd,,
1220,540124,G N A Axles Limited,,
1221,520008,RICO Auto Industries Ltd.,,
1222,502450,Seshasayee Paper & Boards Ltd.,,
1223,543977,Rishabh Instruments Limited,,
1224,535136,NIBE LIMITED,,
1225,514211,Sumeet Industries Ltd,,
1226,500117,DCW Ltd.,,
1227,513307,BELDING INDIA LIMITED,,
1228,540795,Dynamic Cables Limited,,
1229,543263,SMC Global Securities Limited,,
1230,542012,A-1 LIMITED,,
1231,532775,GTL Infrastructure Limited,,
1232,533303,BF Investment Limited,,
1233,517035,RIR POWER ELECTRONICS LIMITED,,
1234,540718,AAYUSH ART AND BULLION LIMITED,,
1235,511034,Jindal Drilling & Industries Ltd.,,
1236,517015,Vindhya Telelinks Ltd.,,
1237,530927,Haryana Financial Corporation ltd.,,
1238,543766,Ashika Credit Capital Ltd.,,
1239,544037,Amic Forging Limited,,
1240,531761,APOLLO PIPES LIMITED,,
1241,533146,D-Link (India) Ltd,,
1242,544133,EXICOM TELE-SYSTEMS LIMITED,,
1243,533138,ASTEC LIFESCIENCES LIMITED,,
1244,532945,SEPC LIMITED,,
1245,543525,Silver Touch Technologies Limited,,
1246,539332,Navkar Corporation Limited,,
1247,509820,HUHTAMAKI INDIA LIMITED,,
1248,505412,Wendt (India) Ltd.,,
1249,543331,Meghmani Organics Limited,,
1250,532705,Jagran Prakashan Limited,,
1251,526506,Systematix Corporate Services Ltd.,,
1252,506109,Genesys International Corporation Ltd.,,
1253,544459,SHANTI GOLD INTERNATIONAL LIMITED,,
1254,504000,Elpro International Ltd.,,
1255,507912,GYFTR LIMITED,,
1256,544235,Orient Technologies Limited,,
1257,508929,AVISHKAR INFRA REALTY LIMITED,,
1258,540642,Salasar Techno Engineering Limited,,
1259,543279,Suryoday Small Finance Bank Limited,,
1260,544293,SURAKSHA DIAGNOSTIC LIMITED,,
1261,539636,Precision Camshafts Limited,,
1262,544279,Godavari Biorefineries Limited,,
1263,544748,ONE POINT ONE SOLUTIONS LIMITED,,
1264,544053,Motisons Jewellers Limited,,
1265,544138,J.G.Chemicals Limited,,
1266,506480,GOCL Corporation Limited,,
1267,532366,PNB Gilts Ltd,,
1268,506618,Punjab Chemicals and Crop Protection Ltd.,,
1269,544167,JNK India Limited,,
1270,542725,SBC EXPORTS LIMITED,,
1271,544743,Amir Chand Jagdish Kumar (Exports) Limited,,
1272,544523,IVALUE INFOSOLUTIONS LIMITED,,
1273,533137,DEN Networks Limited,,
1274,507878,Unitech Ltd.,,
1275,533121,EXPLEO SOLUTIONS LIMITED,,
1276,532749,Allcargo Logistics Ltd,,
1277,544448,Pashupati Cotspin Limited,,
1278,505526,DOLAT ALGOTECH LIMITED,,
1279,533761,GPT Infraprojects limited,,
1280,543254,Antony Waste Handling Cell Limited,,
1281,520073,RACL Geartech Limited,,
1282,543419,Shriram Properties Limited,,
1283,544029,Gandhar Oil Refinery (India) Limited,,
1284,507747,TTK Healthcare Ltd.,,
1285,532880,OMAXE LIMITED,,
1286,500402,SPML Infra Limited,,
1287,532624,Jindal Photo Limited,,
1288,513554,Mahamaya Steel Industries Limited,,
1289,543929,HMA Agro Industries Limited,,
1290,540774,IFGL Refractories Limited,,
1291,544020,ESAF Small Finance Bank Ltd,,
1292,539221,Sportking India Ltd.,,
1293,544310,Yash Highvoltage Limited,,
1294,539289, Aurum PropTech Limited,,
1295,530475,Tinna Rubber and Infrastructure Limited,,
1296,539046,Manaksia Coated Metals & Industries Ltd,,
1297,502330,ANDHRA PAPER LIMITED,,
1298,524520,KMC Speciality Hospitals India Limited,,
1299,514043,Himatsingka Seide Ltd.,,
1300,524669,Hester Biosciences Ltd,,
1301,532684,Everest Kanto Cylinders Ltd.,,
1302,513250,Jyoti Structures Ltd.,,
1303,544316,DAM Capital Advisors Limited,,
1304,533263,Orient Green Power Company Limited,,
1305,524470,Syncom Formulations (India) Ltd.,,
1306,544134,Platinum Industries Limited,,
1307,530307,Chaman Lal Setia Exports Ltd.,,
1308,530355,ASIAN ENERGY SERVICES LTD,,
1309,538836,Monte Carlo Fashions Limited,,
1310,532742,PAUSHAK LIMITED (formerly known as Darshak Limited),,
1311,539309,Rama Steel Tubes Limited,,
1312,521238,BHARAT GLOBAL DEVELOPERS LIMITED,,
1313,512020,Saraswati Commercial (India) Ltd.,,
1314,539997,Kwality Pharmaceuticals Limited,,
1315,526829,Confidence Petroleum India Limited,,
1316,507789,Jagsonpal Pharmaceuticals Limited,,
1317,506194,Arihant Superstructures Limited,,
1318,532633,Alldigi Tech Limited,,
1319,539607,Blue Cloud Softech Solutions Limited,,
1320,522073,The Hi-Tech Gears Limited,,
1321,531147,Alicon Castalloy Limited,,
1322,544339,Laxmi Dental Limited,,
1323,538668,Meghna Infracon Infrastructure Limited,,
1324,501150,Centrum Capital Limited,,
1325,532923,RENAISSANCE GLOBAL LIMITED,,
1326,505400,Texmaco Infrastructure & Holdings Ltd,,
1327,543920,CFF FLUID CONTROL LIMITED,,
1328,531795,Atul Auto Limited,,
1329,517380,Igarashi Motors India Ltd.,,
1330,509438,Benares Hotels Ltd,,
1331,539151,Arfin India Limited,,
1332,543923,IKIO Technologies Limited,,
1333,506685,Ultramarine & Pigments Ltd.,,
1334,539799,Bharat Wire Ropes Limited,,
1335,530699,Raj Rayon Industries Limited,,
1336,513536,Gujarat Natural Resources Limited,,
1337,530879,CAPITAL INDIA FINANCE LIMITED,,
1338,544227,UNICOMMERCE ESOLUTIONS LIMITED,,
1339,533552,RUPA & COMPANY LIMITED,,
1340,544117,Signpost India Limited,,
1341,532382,Balaji Telefilms Ltd.,,
1342,544336,Quadrant Future Tek Limited,,
1343,532365,Dynacons Systems & Solutions Ltd.,,
1344,544253,Kross Limited,,
1345,514448,Jyoti Resins & Adhesives Ltd,,
1346,508954,Finkurve Financial Services Limited,,
1347,523105,CROPSTER AGRO LIMITED,,
1348,544718,PNGS Reva Diamond Jewellery Limited,,
1349,530929,RRP DEFENSE LIMITED,,
1350,532067,3B BlackBio Dx Limited,,
1351,543597,Virtuoso Optoelectronics Limited,,
1352,509675,BIRLANU LIMITED,,
1353,511768,Master Trust Ltd.,,
1354,522257,Rajoo Engineers Ltd.,,
1355,539678,Quick Heal Technologies Limited,,
1356,544120,Capital Small Finance Bank Ltd,,
1357,500650,Excell Industries Ltd.,,
1358,539872,Bajaj Healthcare Limited,,
1359,544281,A B INFRABUILD LIMITED,,
1360,500199,IG Petrochemicals Ltd,,
1361,507410,Walchandnagar Industries Ltd,,
1362,502180,Shree Digvijay Cement Co. Ltd.,,
1363,512267,Media Matrix Worldwide Ltd.,,
1364,523445,Reliance Industrial Infrastructure,,
1365,532341,IZMO Limited,,
1366,544633,VIDYA WIRES LIMITED,,
1367,517421,Butterfly Gandhimathi Appliances Limited,,
1368,513119,ONIX SOLAR ENERGY LIMITED,,
1369,524717,Titan Bio-Tech Ltd.,,
1370,539334,Shree Pushkar Chemicals & Fertilisers Limited,,
1371,517500,Roto Pumps Ltd.,,
1372,544054,Suraj Estate Developers Limited,,
1373,532719,B L Kashyap and Sons Ltd,,
1374,517059,Salzer Electronics Ltd.,,
1375,544258,Western Carriers (India) Limited,,
1376,543399,Tarsons Products Limited,,
1377,536773,JINDAL POLY INVESTMENT AND FINANCE COMPANY LIMITED,,
1378,500207,Indo Rama Synthetics (India) Ltd.,,
1379,524774,NGL Fine Chem Ltd.,,
1380,540776,5paisa Capital Limited,,
1381,543996,Updater Services Limited,,
1382,539469,PANORAMA STUDIOS INTERNATIONAL LIMITED ,,
1383,506166,Apis India Ltd,,
1384,544158,SRM CONTRACTORS LIMITED,,
1385,543517,Hariom Pipe Industries Limited,,
1386,530555,Paramount Communications Ltd.,,
1387,530079,Faze Three Ltd.,,
1388,544534,Jaro Institute of Technology Management and Research Limited,,
1389,544131,GPT Healthcare Limited,,
1390,500439,Vardhman Holdings Limited,,
1391,544264,Diffusion Engineers Limited,,
1392,500304,NIIT Ltd.,,
1393,523229,Bharat Seats Ltd,,
1394,534742,ZUARI AGRO CHEMICALS LIMITED,,
1395,538119,R&B Denims Limited,,
1396,531633,Lincoln Pharmaceuticals ltd.,,
1397,517172,Pervasive Commodities Limited,,
1398,544446,Advent Hotels International Limited,,
1399,544239,ECOS (India) Mobility & Hospitality Limited,,
1400,507753,TGV SRAAC LIMITED,,
1401,531381,Arihant Foundations & Housing Ltd.,,
1402,526173,Andrew Yule & Company Ltd,,
1403,522295,Control Print (India) Ltd.,,
1404,522108,Yuken India Ltd.,,
1405,544395,STL Networks Limited,,
1406,507438,IFB Agro Industries Ltd,,
1407,534748,Steel Exchange India Ltd.,,
1408,505036,Automobile Corpn. of Goa Ltd.,,
1409,540692,Apex Frozen Foods Limited,,
1410,544202,STANLEY LIFESTYLES LIMITED,,
1411,544004,IRM ENERGY LIMITED,,
1412,534369,Tribhovandas Bhimji Zaveri Limited,,
1413,508933,AYM Syntex Limited,,
1414,526666,Bhartiya International Ltd.,,
1415,526953,Venus Remedies Ltd.,,
1416,533285,RDB INFRASTRUCTURE AND POWER LIMITED,,
1417,540704,Matrimony.com Limited,,
1418,515008,Modern Insulators Ltd.,,
1419,544184,Borosil Scientific Limited,,
1420,532699,Royal Orchid Hotels Ltd,,
1421,500264,Mafatlal Industries Ltd.,,
1422,531847,Asian Star Co. Ltd.,,
1423,543712,ABANS FINANCIAL SERVICES LIMITED,,
1424,511413,CREST VENTURES LIMITED,,
1425,544731,RAJPUTANA STAINLESS LIMITED,,
1426,543389,Sigachi Industries Limited,,
1427,526775,Valiant Communications Ltd.,,
1428,502137,Deccan Cements Ltd.,,
1429,523475,Lotus Chocolate Co. Ltd.,,
1430,544536,Wealth First Portfolio Managers Limited,,
1431,543709,PNGS GARGI FASHION JEWELLERY LIMITED,,
1432,526608,Electrotherm (India) Ltd,,
1433,512233,Jaybharat Textiles And Real Estate Limited,,